<?xml version="1.0" encoding="UTF-8"?><?xml-stylesheet type='text/xsl' href='_UpgradeReport_Files/UpgradeReport.xslt'?><UpgradeLog>
<Properties><Property Name="Solution" Value="RequestEngineTest">
</Property><Property Name="Solution File" Value="E:\Projects\Other\.NET Trainings\RequestEngineTest\RequestEngineTest.sln">
</Property><Property Name="Date" Value="Thursday, November 25, 2010">
</Property><Property Name="Time" Value="23:08 PM">
</Property></Properties><Event ErrorLevel="0" Project="RequestEngineTest" Source="RequestEngineTest\RequestEngineTest.csproj" Description="Project converted successfully">
</Event><Event ErrorLevel="3" Project="RequestEngineTest" Source="RequestEngineTest\RequestEngineTest.csproj" Description="Converted">
</Event><Event ErrorLevel="0" Project="RequestEngine" Source="RequestEngine\RequestEngine.csproj" Description="Project converted successfully">
</Event><Event ErrorLevel="3" Project="RequestEngine" Source="RequestEngine\RequestEngine.csproj" Description="Converted">
</Event><Event ErrorLevel="0" Project="" Source="RequestEngineTest.sln" Description="Solution converted successfully">
</Event><Event ErrorLevel="3" Project="" Source="RequestEngineTest.sln" Description="Converted">
</Event><Event ErrorLevel="0" Project="RequestEngineTest" Source="RequestEngineTest\RequestEngineTest.csproj" Description="Scan complete: Upgrade not required for project files.">
</Event><Event ErrorLevel="0" Project="RequestEngine" Source="RequestEngine\RequestEngine.csproj" Description="Scan complete: Upgrade not required for project files.">
</Event></UpgradeLog>